trace_id,dataset,device_selected,raw_records_read,records_accepted,blocks_emitted,block_requests,write_blocks,read_blocks,write_percentage,multi_block_requests,unaligned_requests,unique_lbas,unique_written_lbas,lba_min,lba_max,lba_span,total_bytes,mean_request_size_bytes,duration_seconds,rewrite_events,rewrite_ratio,lbas_written_more_than_once,repeated_write_lba_fraction,max_writes_to_single_lba,top1pct_lba_write_share,median_rewrite_interval_us,mean_rewrite_interval_us,p90_rewrite_interval_us,p99_rewrite_interval_us,dropped_total,dropped_malformed,dropped_bad_offset,dropped_bad_size,dropped_oversized_request,dropped_unknown_operation,dropped_other_device,out_of_order_records,duplicate_timestamps,truncated_by_limit,eligible,ineligible_reasons,normalized_path
msr_hm_0,msr,hm_0,3000000,3000000,6815630,6815630,4534090,2281540,66.52488471351877,651292,635756,603876,421475,6,3654084,3654079,24790653440,8263.551146666667,431555.821853,4112615,0.9070430891314464,348684,0.827294620084228,109129,0.4252626216065406,802338855.0,15314460953.035349,29727879318.4,224353805877.0,0,0,0,0,0,0,0,0,4188357,True,True,,data/processed/normalized/msr_hm_0.csv
msr_mds_0,msr,mds_0,1211034,1211034,2916662,2916662,2052937,863725,70.3865240470099,373196,61400,818174,86930,4,8890908,8890905,11403751424,9416.54109133187,604803.410067,1966007,0.9576557877811156,61886,0.7119061313700679,117036,0.6199289116032299,60000382.0,11911979576.934256,20639314326.400013,237651197220.0,0,0,0,0,0,0,0,0,1748413,False,True,,data/processed/normalized/msr_mds_0.csv
msr_prn_0,msr,prn_0,3000000,3000000,8179783,8179783,6734351,1445432,82.32921337888793,683819,1156891,1502619,1189391,4,17386419,17386416,28525076480,9508.358826666668,354712.320967,5544960,0.8233844657042676,207360,0.1743413225760073,101932,0.5448037977230471,90015207.0,7119270166.475632,13594415072.0,201075395683.0,0,0,0,0,0,0,0,0,7449738,True,True,,data/processed/normalized/msr_prn_0.csv
msr_proj_0,msr,proj_0,3000000,3000000,26929740,26929740,25011110,1918630,92.87542323097068,2169600,121526,820587,420969,4,4257215,4257212,109625602048,36541.86734933333,479706.992372,24590141,0.9831687198209116,365860,0.869090123025686,88299,0.1730166713912337,57812430.0,1657843286.9333155,569069617.0,45759741649.0,0,0,0,0,0,0,0,0,24026911,True,True,,data/processed/normalized/msr_proj_0.csv
msr_prxy_0,msr,prxy_0,3000000,3000000,4616349,4616349,4441793,174556,96.21874342689428,413248,1821427,111673,84585,6,5430031,5430026,11243907584,3747.969194666666,143846.016582,4357208,0.980957014430884,65383,0.7729857539752911,34884,0.7267585409765831,19890371.0,855074350.8182813,160638572.0,19220533217.0,0,0,0,0,0,0,0,0,1733734,True,True,,data/processed/normalized/msr_prxy_0.csv
msr_rsrch_0,msr,rsrch_0,1433655,1433655,3254278,3254278,2889165,365113,88.78052213117626,435987,23092,93773,75878,142,4427953,4427812,13109630464,9144.20168311065,604796.172615,2813287,0.9737370485936248,54624,0.7198924589472574,125991,0.5444676922224934,60109135.0,7847778386.301527,11272941837.0,171652126329.16345,0,0,0,0,0,0,0,0,2030535,False,True,,data/processed/normalized/msr_rsrch_0.csv
msr_src2_0,msr,src2_0,1557814,1557814,2999229,2999229,2625937,373292,87.55373464313662,476829,114880,187918,130219,0,4096508,4096509,11495121408,7379.007640193245,698876.763923,2495718,0.9504104630080616,95890,0.7363748761701442,125880,0.6315288599840743,59998286.0,9070720765.109253,24038715191.0,113636162682.16034,0,0,0,0,0,0,0,0,1770155,False,True,,data/processed/normalized/msr_src2_0.csv
msr_stg_0,msr,stg_0,2030915,2030915,6098667,6098667,4161669,1936998,68.23899386538075,650411,104090,1668913,102899,4,2835133,2835130,24073370624,11853.46044713836,604793.463589,4058770,0.9752745833462488,75028,0.7291421685341937,140946,0.4346787310571792,2090967636.0,6253373664.627852,9244550943.0,98262261439.0,0,0,0,0,0,0,0,0,4295307,False,True,,data/processed/normalized/msr_stg_0.csv
msr_ts_0,msr,ts_0,1801734,1801734,4216457,4216457,3124896,1091561,74.11189062286181,569703,91268,239289,140985,9323,5760047,5750725,16611923968,9219.964749513523,698982.911135,2983911,0.9548832985161746,76687,0.5439372982941447,130688,0.5630219373700757,60013766.0,7418625752.528501,9265731948.0,136678258717.0,0,0,0,0,0,0,0,0,2506466,False,True,,data/processed/normalized/msr_ts_0.csv
msr_usr_0,msr,usr_0,2237889,2237889,12873274,12873274,3585523,9287751,27.85245618169861,1211103,133686,646969,169331,4,4169381,4169378,51945009664,23211.61132835453,604795.435782,3416192,0.9527736957760417,142343,0.8406198510609398,119570,0.6046760821224686,60008265.0,10170689718.678944,22538356704.0,186324973870.0,0,0,0,0,0,0,0,0,10958541,False,True,,data/processed/normalized/msr_usr_0.csv
msr_wdev_0,msr,wdev_0,1143261,1143261,2654824,2654824,1930152,724672,72.7035765836078,292534,26366,138102,90193,107,4444757,4444651,10627698688,9295.951395175727,604802.660829,1839959,0.9532715558152932,75747,0.839832359495748,83540,0.5428546560063663,61827717.0,15933930498.01982,25861969429.6,259200016495.0,0,0,0,0,0,0,0,0,1778506,False,True,,data/processed/normalized/msr_wdev_0.csv
msr_web_0,msr,web_0,2029945,2029945,9642398,9642398,4474680,5167718,46.40629851619898,1906850,1989901,1915690,188207,7,8889556,8889550,31163521536,15351.904379675312,604804.141266,4286473,0.9579395621586348,170561,0.9062415319302682,273112,0.6083125497242261,54187246.0,14615609549.622126,17402614894.0,232403514830.0,0,0,0,0,0,0,0,0,7679411,False,True,,data/processed/normalized/msr_web_0.csv
systor_lun0,systor,0,1788916,1788916,12132524,12132524,1233362,10899162,10.16574951757771,1575974,1576709,9688976,531457,33049,1241221281,1241188233,43236790784,24169.268307734965,4051.414527,701905,0.5690989344571991,132783,0.2498471183933977,6194,0.3758977494036625,16962250.0,139154915.0864134,301019363.0,2358866591.0,0,0,0,0,0,0,0,416511,10344802,False,True,,data/processed/normalized/systor_lun0.csv
systor_lun1,systor,1,1403677,1403677,7959689,7959689,1945250,6014439,24.438768901649297,1265999,1230814,5243128,945867,33049,1158317520,1158284472,27553178112,19629.28658943617,4022.717668,999383,0.5137555584115152,278972,0.2949378718149592,4894,0.2125233260506361,30325773.0,134449809.2866799,240017194.80000007,2291355458.88,0,0,0,0,0,0,0,264443,6556883,False,True,,data/processed/normalized/systor_lun1.csv
systor_lun2,systor,2,3000000,3000000,17038315,17038315,1439310,15599005,8.447490259453472,2771933,2627461,13641402,916897,33049,1302642085,1302609037,59021872640,19673.95754666667,3314.729342,522413,0.3629607242359186,140008,0.1526976312497477,3191,0.2278126324419339,15066648.0,146834692.53742346,488688000.9999963,1784921418.0,0,0,0,0,0,0,0,788109,14039543,True,False,"duration_seconds 3,315 < 3,600",data/processed/normalized/systor_lun2.csv
systor_lun3,systor,3,2165669,2165669,11876171,11876171,1990717,9885454,16.762279694356035,1949371,1892757,8715027,1215019,33049,1052893399,1052860351,40885774848,18879.050698883348,4051.312515,775698,0.3896575957305835,204279,0.1681282350317155,2847,0.2479202217090626,10501063.5,127333131.19900142,298189138.0,2150337205.0,0,0,0,0,0,0,0,479212,9711721,False,True,,data/processed/normalized/systor_lun3.csv
systor_lun4,systor,4,2505059,2505059,19523335,19523335,2926918,16596417,14.991895595706367,2293606,2193472,13684497,1464433,33049,888198560,888165512,70977612288,28333.708822027744,4051.398854,1462485,0.4996672267552422,476711,0.3255259885566632,3991,0.2575292509048767,6856395.0,77608326.50578296,120009114.2,1310381747.0,0,0,0,0,0,0,0,591755,17019623,False,True,,data/processed/normalized/systor_lun4.csv
systor_lun6,systor,6,14929,14929,52526,52526,17088,35438,32.53246011499067,13220,13229,43237,11628,33088,899391239,899358152,160814080,10771.925782034965,82.344344,5460,0.3195224719101123,2634,0.2265221878224974,112,0.1149929775280898,3808108.5,11476163.436080586,39991792.1,61666605.0,0,0,0,0,0,0,0,2631,37612,False,False,"write_blocks 17,088 < 200,000; duration_seconds 82 < 3,600",data/processed/normalized/systor_lun6.csv
