dataset,original_source,host,host_type,paper,license,download_access,format,size,trace_count,request_fields,write_support,rewrite_analysis_possible,reproducibility_score,trust_score,selected,notes
MSR Cambridge (2007),Microsoft Research Cambridge,cache-datasets S3 bucket (cacheMon / github.com/cacheMon/cache_dataset),public S3 bucket published by a research group,"Narayanan, Donnelly, Rowstron, 'Write Off-Loading: Practical Power Management for Enterprise Storage', USENIX FAST '08",Microsoft trace DISCLAIMER.txt shipped inside the archive,"anonymous HTTPS, no form, HTTP range requests supported","tar of per-volume gzipped CSV: Timestamp,Hostname,DiskNumber,Type,Offset,Size,ResponseTime",3.06 GB + 1.88 GB (two archives),36 volumes across 13 servers,"timestamp (Windows FILETIME), host, disk, R/W, byte offset, byte size, response time","yes, explicit Read/Write type",yes: byte offsets map to 4KB blocks and blocks are rewritten heavily,5,5,PRIMARY,"Archives are the unmodified original distribution: they contain Microsoft's own README.txt, DISCLAIMER.txt and MD5.txt, and every downloaded volume was verified against those MD5 checksums. Individual volumes are extracted by byte range, so no multi-GB download is needed."
MSR Cambridge (2007),Microsoft Research Cambridge,"SNIA IOTTA, iotta.snia.org/traces/block-io/388",canonical trace repository,"Narayanan, Donnelly, Rowstron, USENIX FAST '08",SNIA Trace Data Files Download License,"BLOCKED for automation: web form requires name, e-mail and organisation",same archives as above,3.06 GB + 1.88 GB,36 volumes,as above,yes,yes,1,5,no (cited as the canonical repository),"The authoritative catalogue entry, and the citation SmartGC gives. Bulk download is gated behind a personal-details form, so it is not used as the fetch route. 1000-record sample traces are downloadable without the form."
SYSTOR '17 enterprise VDI (2016),Fujitsu Laboratories Ltd.,cache-datasets S3 bucket (cacheMon),public S3 bucket published by a research group,"Lee, Kumano, Matsuki, Endo, Fukumoto, Sugawara, 'Understanding storage traffic characteristics on enterprise virtual desktop infrastructure', SYSTOR '17",SNIA Trace Data Files Download License (distribution README included),"anonymous HTTPS, no form, HTTP range requests supported","tar of hourly gzipped CSV per LUN: Timestamp,Response,IOType,LUN,Offset,Size",~1.05 GB per tar; a byte prefix is fetched,2706 hourly traces across 6 LUNs,"timestamp (fractional Unix seconds), response time, R/W, LUN, byte offset, byte size","yes, explicit R/W IOType","yes: byte offsets map to 4KB blocks, VDI workloads rewrite heavily",4,4,SECONDARY (external generalization),"Chosen as the external-validation workload after FIU proved unobtainable. A different workload family (2016 enterprise VDI) and nine years newer than MSR, so it is a stronger transfer test than another 2008 university trace. No publisher checksums are shipped, hence 4 rather than 5."
FIU IODedup / SRCMap (2008-2009),"Florida International University, School of Computing and Information Sciences","SNIA IOTTA, iotta.snia.org/traces/block-io/390",canonical trace repository,"Koller, Rangaswami, 'I/O Deduplication', FAST '10; Verma et al., 'SRCMap', FAST '10",SNIA Trace Data Files Download License,BLOCKED: same personal-details form as MSR,whitespace-separated blkparse records,14.2 GB (IODedup) + 14.6 GB (SRCMap),"10 IODedup subtraces, 9 SRCMap subtraces","timestamp (ns), pid, process, LBA (512B sectors), size (512B blocks), R/W, major, minor, MD5",yes,yes,1,5,"no (parser implemented, data not obtainable automatically)","Requested as the secondary dataset but not automatable. The parser is implemented and verified against real FIU sample records, so files dropped into data/raw/fiu/ are picked up with no code change."
FIU IODedup / SRCMap (2008-2009),Florida International University,"Harvey Mudd mirror, iotta.cs.hmc.edu/traces/block-io/390",mirror of the canonical repository,as above,SNIA Trace Data Files Download License,BLOCKED: runs the same gated application as SNIA (HTTP 307 to the form),as above,as above,as above,as above,yes,yes,1,4,no,"Probed directly: /download?type=file redirects to /downloaderinfos/new, the same form."
FIU block traces (2012),"ASU VISA Research Lab (Ming Zhao's group, formerly at FIU)",visa.lab.asu.edu/web/resources/traces/,research group web page,"Arteaga, Zhao, 'Client-side Flash Caching for Cloud Systems', SYSTOR '14",attribution requested on the page,BROKEN: every /traces/... link returns HTTP 404,tar.gz of blktrace output,unknown (files unavailable),"5 servers listed (Webserver, Moodle, Buffalo, Bear, CloudVPS)",unknown (files unavailable),unknown,unknown,0,3,no,Pages still list the traces but the files are gone; the original FIU host sylab-srv.cs.fiu.edu does not respond either. Recorded so the dead end is not re-investigated.
Alibaba Cloud EBS (2020),Alibaba Group,cache-datasets S3 bucket (cacheMon),public S3 bucket published by a research group,"Li et al., 'An In-Depth Analysis of Cloud Block Storage Workloads in Large-Scale Production', IISWC '20",Alibaba trace terms,"anonymous HTTPS, but a single 150 GB zstd file","CSV: device_id, opcode (R/W), offset (bytes), length (bytes), timestamp (us)","150.4 GB compressed, single object",1000 disks in one file,"timestamp, device, R/W, byte offset, byte length",yes,yes,2,4,no,"Excellent fields and genuinely modern, but stored as one 150 GB zstd stream: a partial fetch cannot be decompressed from an arbitrary offset, so a usable subset cannot be obtained without downloading the whole object."
Tencent Cloud EBS (2020),Tencent,cache-datasets S3 bucket (cacheMon),public S3 bucket published by a research group,"Zhang et al., 'OSCA', USENIX ATC '20",Tencent trace terms,"anonymous HTTPS, single 137 GB zstd file","Timestamp, Offset (sectors), Size (sectors), IOType (0=read, 1=write), VolumeID","137.2 GB compressed, single object",5584 volumes in one file,"timestamp, offset, size, R/W, volume",yes,yes,2,4,no,Same single-large-object problem as the Alibaba traces.
Twitter Twemcache / Meta KV / Wikimedia CDN,Twitter / Meta / Wikimedia,cache-datasets S3 bucket (cacheMon),public S3 bucket published by a research group,"Yang et al., OSDI '20 and others",various,anonymous HTTPS,key-value and object-cache request traces,TB scale,many,"timestamp, key, key size, value size, operation","GET/SET on keys, not block writes","NO: these are object/key caches with no logical block address space, no byte offsets and no fixed-size blocks",5,5,no (wrong data model),"Explicitly rejected. Treating a cache key as an LBA would fabricate a block address space that does not exist, and there is no notion of overwriting a 4KB block to garbage collect."
